subject,count,link
"boise state university",3938,"https://dcnb.github.io//bsu-demo/browse.html#boise%20state%20university"
"unknown",586,"https://dcnb.github.io//bsu-demo/browse.html#unknown"
"university photographic services",574,"https://dcnb.github.io//bsu-demo/browse.html#university%20photographic%20services"
"football",319,"https://dcnb.github.io//bsu-demo/browse.html#football"
"football players",141,"https://dcnb.github.io//bsu-demo/browse.html#football%20players"
"student government",139,"https://dcnb.github.io//bsu-demo/browse.html#student%20government"
"graduation ceremonies",137,"https://dcnb.github.io//bsu-demo/browse.html#graduation%20ceremonies"
"dormitories",129,"https://dcnb.github.io//bsu-demo/browse.html#dormitories"
"fraternities & sororities",90,"https://dcnb.github.io//bsu-demo/browse.html#fraternities%20&%20sororities"
"student programs board",89,"https://dcnb.github.io//bsu-demo/browse.html#student%20programs%20board"
"aerial photographs",88,"https://dcnb.github.io//bsu-demo/browse.html#aerial%20photographs"
"women athletes",82,"https://dcnb.github.io//bsu-demo/browse.html#women%20athletes"
"photographic services",82,"https://dcnb.github.io//bsu-demo/browse.html#photographic%20services"
"vocational education",77,"https://dcnb.github.io//bsu-demo/browse.html#vocational%20education"
"marching bands",71,"https://dcnb.github.io//bsu-demo/browse.html#marching%20bands"
"basketball",71,"https://dcnb.github.io//bsu-demo/browse.html#basketball"
"coaches (athletics)",68,"https://dcnb.github.io//bsu-demo/browse.html#coaches%20(athletics)"
"buildings",60,"https://dcnb.github.io//bsu-demo/browse.html#buildings"
"dance parties",58,"https://dcnb.github.io//bsu-demo/browse.html#dance%20parties"
"classrooms",57,"https://dcnb.github.io//bsu-demo/browse.html#classrooms"
"sports",53,"https://dcnb.github.io//bsu-demo/browse.html#sports"
"theatrical productions",51,"https://dcnb.github.io//bsu-demo/browse.html#theatrical%20productions"
"horses",45,"https://dcnb.github.io//bsu-demo/browse.html#horses"
"mascots",45,"https://dcnb.github.io//bsu-demo/browse.html#mascots"
"cheerleading",45,"https://dcnb.github.io//bsu-demo/browse.html#cheerleading"
"university archives",45,"https://dcnb.github.io//bsu-demo/browse.html#university%20archives"
"libraries",43,"https://dcnb.github.io//bsu-demo/browse.html#libraries"
"alumni & alumnae",40,"https://dcnb.github.io//bsu-demo/browse.html#alumni%20&%20alumnae"
"athletes",38,"https://dcnb.github.io//bsu-demo/browse.html#athletes"
"franklin carr",38,"https://dcnb.github.io//bsu-demo/browse.html#franklin%20carr"
"construction",37,"https://dcnb.github.io//bsu-demo/browse.html#construction"
"student union",36,"https://dcnb.github.io//bsu-demo/browse.html#student%20union"
"broncos",36,"https://dcnb.github.io//bsu-demo/browse.html#broncos"
"sculpture",35,"https://dcnb.github.io//bsu-demo/browse.html#sculpture"
"stan lloyd",35,"https://dcnb.github.io//bsu-demo/browse.html#stan%20lloyd"
"parades",35,"https://dcnb.github.io//bsu-demo/browse.html#parades"
"snow",35,"https://dcnb.github.io//bsu-demo/browse.html#snow"
"winter",34,"https://dcnb.github.io//bsu-demo/browse.html#winter"
"fund raising",34,"https://dcnb.github.io//bsu-demo/browse.html#fund%20raising"
"biology",32,"https://dcnb.github.io//bsu-demo/browse.html#biology"
"group portraits",31,"https://dcnb.github.io//bsu-demo/browse.html#group%20portraits"
"boise junior college",30,"https://dcnb.github.io//bsu-demo/browse.html#boise%20junior%20college"
"laboratories",30,"https://dcnb.github.io//bsu-demo/browse.html#laboratories"
"art education",30,"https://dcnb.github.io//bsu-demo/browse.html#art%20education"
"awards",30,"https://dcnb.github.io//bsu-demo/browse.html#awards"
"automobiles",29,"https://dcnb.github.io//bsu-demo/browse.html#automobiles"
"public speaking",28,"https://dcnb.github.io//bsu-demo/browse.html#public%20speaking"
"track athletics",28,"https://dcnb.github.io//bsu-demo/browse.html#track%20athletics"
"college presidents",27,"https://dcnb.github.io//bsu-demo/browse.html#college%20presidents"
"computers",26,"https://dcnb.github.io//bsu-demo/browse.html#computers"
"athletics",24,"https://dcnb.github.io//bsu-demo/browse.html#athletics"
"boise river (idaho)",24,"https://dcnb.github.io//bsu-demo/browse.html#boise%20river%20(idaho)"
"floats (parades)",23,"https://dcnb.github.io//bsu-demo/browse.html#floats%20(parades)"
"librarians",23,"https://dcnb.github.io//bsu-demo/browse.html#librarians"
"ground breaking ceremonies",22,"https://dcnb.github.io//bsu-demo/browse.html#ground%20breaking%20ceremonies"
"physical education",22,"https://dcnb.github.io//bsu-demo/browse.html#physical%20education"
"bicycles & tricycles",21,"https://dcnb.github.io//bsu-demo/browse.html#bicycles%20&%20tricycles"
"basketball players",21,"https://dcnb.github.io//bsu-demo/browse.html#basketball%20players"
"receptions",21,"https://dcnb.github.io//bsu-demo/browse.html#receptions"
"teachers",21,"https://dcnb.github.io//bsu-demo/browse.html#teachers"
"rodeos",20,"https://dcnb.github.io//bsu-demo/browse.html#rodeos"
"studying",19,"https://dcnb.github.io//bsu-demo/browse.html#studying"
"ephemera",19,"https://dcnb.github.io//bsu-demo/browse.html#ephemera"
"governors",18,"https://dcnb.github.io//bsu-demo/browse.html#governors"
"student union and activities",18,"https://dcnb.github.io//bsu-demo/browse.html#student%20union%20and%20activities"
"construction equipment",18,"https://dcnb.github.io//bsu-demo/browse.html#construction%20equipment"
"boise (idaho)--aerial views",18,"https://dcnb.github.io//bsu-demo/browse.html#boise%20(idaho)--aerial%20views"
"student organizations",18,"https://dcnb.github.io//bsu-demo/browse.html#student%20organizations"
"retirements",18,"https://dcnb.github.io//bsu-demo/browse.html#retirements"
"chemistry",18,"https://dcnb.github.io//bsu-demo/browse.html#chemistry"
"homecomings",17,"https://dcnb.github.io//bsu-demo/browse.html#homecomings"
"rafts",17,"https://dcnb.github.io//bsu-demo/browse.html#rafts"
"engineering",17,"https://dcnb.github.io//bsu-demo/browse.html#engineering"
"parking",17,"https://dcnb.github.io//bsu-demo/browse.html#parking"
"volleyball",17,"https://dcnb.github.io//bsu-demo/browse.html#volleyball"
"parks",16,"https://dcnb.github.io//bsu-demo/browse.html#parks"
"racing",16,"https://dcnb.github.io//bsu-demo/browse.html#racing"
"portraits",15,"https://dcnb.github.io//bsu-demo/browse.html#portraits"
"signs (notices)",15,"https://dcnb.github.io//bsu-demo/browse.html#signs%20(notices)"
"reel 2 real film series",15,"https://dcnb.github.io//bsu-demo/browse.html#reel%202%20real%20film%20series"
"elementary school teaching",15,"https://dcnb.github.io//bsu-demo/browse.html#elementary%20school%20teaching"
"scholarships",15,"https://dcnb.github.io//bsu-demo/browse.html#scholarships"
"radio broadcasting",14,"https://dcnb.github.io//bsu-demo/browse.html#radio%20broadcasting"
"demonstrations",14,"https://dcnb.github.io//bsu-demo/browse.html#demonstrations"
"crowds",14,"https://dcnb.github.io//bsu-demo/browse.html#crowds"
"office workers",14,"https://dcnb.github.io//bsu-demo/browse.html#office%20workers"
"dancers",13,"https://dcnb.github.io//bsu-demo/browse.html#dancers"
"college administrators",13,"https://dcnb.github.io//bsu-demo/browse.html#college%20administrators"
"african american students",13,"https://dcnb.github.io//bsu-demo/browse.html#african%20american%20students"
"building dedications",13,"https://dcnb.github.io//bsu-demo/browse.html#building%20dedications"
"emblems",12,"https://dcnb.github.io//bsu-demo/browse.html#emblems"
"beauty contestants",12,"https://dcnb.github.io//bsu-demo/browse.html#beauty%20contestants"
"physics",12,"https://dcnb.github.io//bsu-demo/browse.html#physics"
"cafeterias",12,"https://dcnb.github.io//bsu-demo/browse.html#cafeterias"
"geology",12,"https://dcnb.github.io//bsu-demo/browse.html#geology"
"archaeology",12,"https://dcnb.github.io//bsu-demo/browse.html#archaeology"
"reading",12,"https://dcnb.github.io//bsu-demo/browse.html#reading"
"coats",12,"https://dcnb.github.io//bsu-demo/browse.html#coats"
"tennis",12,"https://dcnb.github.io//bsu-demo/browse.html#tennis"
"martin luther king jr. human rights celebration committee",11,"https://dcnb.github.io//bsu-demo/browse.html#martin%20luther%20king%20jr.%20human%20rights%20celebration%20committee"
"beauty contests",11,"https://dcnb.github.io//bsu-demo/browse.html#beauty%20contests"
"archaeological sites",11,"https://dcnb.github.io//bsu-demo/browse.html#archaeological%20sites"
"asbsu",11,"https://dcnb.github.io//bsu-demo/browse.html#asbsu"
"boise state college",11,"https://dcnb.github.io//bsu-demo/browse.html#boise%20state%20college"
"school children",11,"https://dcnb.github.io//bsu-demo/browse.html#school%20children"
"baseball",11,"https://dcnb.github.io//bsu-demo/browse.html#baseball"
"homecoming committee",11,"https://dcnb.github.io//bsu-demo/browse.html#homecoming%20committee"
"churches",10,"https://dcnb.github.io//bsu-demo/browse.html#churches"
"field hockey",10,"https://dcnb.github.io//bsu-demo/browse.html#field%20hockey"
"nurses",10,"https://dcnb.github.io//bsu-demo/browse.html#nurses"
"clubs",10,"https://dcnb.github.io//bsu-demo/browse.html#clubs"
"john collias",10,"https://dcnb.github.io//bsu-demo/browse.html#john%20collias"
"employees",10,"https://dcnb.github.io//bsu-demo/browse.html#employees"
"radio stations",10,"https://dcnb.github.io//bsu-demo/browse.html#radio%20stations"
"education",9,"https://dcnb.github.io//bsu-demo/browse.html#education"
"department of fine arts",9,"https://dcnb.github.io//bsu-demo/browse.html#department%20of%20fine%20arts"
"card catalogs",9,"https://dcnb.github.io//bsu-demo/browse.html#card%20catalogs"
"music education",9,"https://dcnb.github.io//bsu-demo/browse.html#music%20education"
"orchestras",9,"https://dcnb.github.io//bsu-demo/browse.html#orchestras"
"cowboy hats",9,"https://dcnb.github.io//bsu-demo/browse.html#cowboy%20hats"
"flags",9,"https://dcnb.github.io//bsu-demo/browse.html#flags"
"recording & registration",9,"https://dcnb.github.io//bsu-demo/browse.html#recording%20&%20registration"
"smoking",9,"https://dcnb.github.io//bsu-demo/browse.html#smoking"
"soda fountains",9,"https://dcnb.github.io//bsu-demo/browse.html#soda%20fountains"
"students",9,"https://dcnb.github.io//bsu-demo/browse.html#students"
"children",8,"https://dcnb.github.io//bsu-demo/browse.html#children"
"jim duran",8,"https://dcnb.github.io//bsu-demo/browse.html#jim%20duran"
"international students",8,"https://dcnb.github.io//bsu-demo/browse.html#international%20students"
"eating & drinking",8,"https://dcnb.github.io//bsu-demo/browse.html#eating%20&%20drinking"
"community service",8,"https://dcnb.github.io//bsu-demo/browse.html#community%20service"
"sandwiches",8,"https://dcnb.github.io//bsu-demo/browse.html#sandwiches"
"pianos",8,"https://dcnb.github.io//bsu-demo/browse.html#pianos"
"boise foothills",8,"https://dcnb.github.io//bsu-demo/browse.html#boise%20foothills"
"j. russell ludwig",8,"https://dcnb.github.io//bsu-demo/browse.html#j.%20russell%20ludwig"
"parachutists",8,"https://dcnb.github.io//bsu-demo/browse.html#parachutists"
"alumni association",8,"https://dcnb.github.io//bsu-demo/browse.html#alumni%20association"
"radio industry",8,"https://dcnb.github.io//bsu-demo/browse.html#radio%20industry"
"christmas decorations",8,"https://dcnb.github.io//bsu-demo/browse.html#christmas%20decorations"
"women's center",8,"https://dcnb.github.io//bsu-demo/browse.html#women's%20center"
"document signings",7,"https://dcnb.github.io//bsu-demo/browse.html#document%20signings"
"chapels",7,"https://dcnb.github.io//bsu-demo/browse.html#chapels"
"sports spectators",7,"https://dcnb.github.io//bsu-demo/browse.html#sports%20spectators"
"costumes",7,"https://dcnb.github.io//bsu-demo/browse.html#costumes"
"hotels",7,"https://dcnb.github.io//bsu-demo/browse.html#hotels"
"families",7,"https://dcnb.github.io//bsu-demo/browse.html#families"
"guitars",7,"https://dcnb.github.io//bsu-demo/browse.html#guitars"
"singers",7,"https://dcnb.github.io//bsu-demo/browse.html#singers"
"tea parties",7,"https://dcnb.github.io//bsu-demo/browse.html#tea%20parties"
"boise state university homecoming committee",7,"https://dcnb.github.io//bsu-demo/browse.html#boise%20state%20university%20homecoming%20committee"
"bookstores",7,"https://dcnb.github.io//bsu-demo/browse.html#bookstores"
"boise state university foundation",7,"https://dcnb.github.io//bsu-demo/browse.html#boise%20state%20university%20foundation"
"kimberly mckain",7,"https://dcnb.github.io//bsu-demo/browse.html#kimberly%20mckain"
"open-air theaters",7,"https://dcnb.github.io//bsu-demo/browse.html#open-air%20theaters"
"cornerstone laying",7,"https://dcnb.github.io//bsu-demo/browse.html#cornerstone%20laying"
"stages (platforms)",7,"https://dcnb.github.io//bsu-demo/browse.html#stages%20(platforms)"
"cilia hall",7,"https://dcnb.github.io//bsu-demo/browse.html#cilia%20hall"
"reunions",7,"https://dcnb.github.io//bsu-demo/browse.html#reunions"
"choirs (music)",7,"https://dcnb.github.io//bsu-demo/browse.html#choirs%20(music)"
"clothing & dress",7,"https://dcnb.github.io//bsu-demo/browse.html#clothing%20&%20dress"
"wheelchairs",7,"https://dcnb.github.io//bsu-demo/browse.html#wheelchairs"
"political posters",7,"https://dcnb.github.io//bsu-demo/browse.html#political%20posters"
"pools",6,"https://dcnb.github.io//bsu-demo/browse.html#pools"
"recreation",6,"https://dcnb.github.io//bsu-demo/browse.html#recreation"
"music",6,"https://dcnb.github.io//bsu-demo/browse.html#music"
"coins",6,"https://dcnb.github.io//bsu-demo/browse.html#coins"
"pamphlets",6,"https://dcnb.github.io//bsu-demo/browse.html#pamphlets"
"albertsons library",6,"https://dcnb.github.io//bsu-demo/browse.html#albertsons%20library"
"beards",6,"https://dcnb.github.io//bsu-demo/browse.html#beards"
"new student programs",6,"https://dcnb.github.io//bsu-demo/browse.html#new%20student%20programs"
"gifts",6,"https://dcnb.github.io//bsu-demo/browse.html#gifts"
"philanthropists",6,"https://dcnb.github.io//bsu-demo/browse.html#philanthropists"
"television broadcasting",6,"https://dcnb.github.io//bsu-demo/browse.html#television%20broadcasting"
"relay racing",6,"https://dcnb.github.io//bsu-demo/browse.html#relay%20racing"
"presidents",6,"https://dcnb.github.io//bsu-demo/browse.html#presidents"
"fireplaces",6,"https://dcnb.github.io//bsu-demo/browse.html#fireplaces"
"history",6,"https://dcnb.github.io//bsu-demo/browse.html#history"
"business people",6,"https://dcnb.github.io//bsu-demo/browse.html#business%20people"
"billiards",6,"https://dcnb.github.io//bsu-demo/browse.html#billiards"
"drums",6,"https://dcnb.github.io//bsu-demo/browse.html#drums"
"picnics",6,"https://dcnb.github.io//bsu-demo/browse.html#picnics"
"gymnastics",6,"https://dcnb.github.io//bsu-demo/browse.html#gymnastics"
"maps",6,"https://dcnb.github.io//bsu-demo/browse.html#maps"
"newspapers",6,"https://dcnb.github.io//bsu-demo/browse.html#newspapers"
"political elections",6,"https://dcnb.github.io//bsu-demo/browse.html#political%20elections"
"police",6,"https://dcnb.github.io//bsu-demo/browse.html#police"
"conservation of natural resources",6,"https://dcnb.github.io//bsu-demo/browse.html#conservation%20of%20natural%20resources"
"plaques",6,"https://dcnb.github.io//bsu-demo/browse.html#plaques"
"archery",6,"https://dcnb.github.io//bsu-demo/browse.html#archery"
"typewriters",5,"https://dcnb.github.io//bsu-demo/browse.html#typewriters"
"sarah crawford",5,"https://dcnb.github.io//bsu-demo/browse.html#sarah%20crawford"
"skiing",5,"https://dcnb.github.io//bsu-demo/browse.html#skiing"
"fans",5,"https://dcnb.github.io//bsu-demo/browse.html#fans"
"hoisting machinery",5,"https://dcnb.github.io//bsu-demo/browse.html#hoisting%20machinery"
"anatomy",5,"https://dcnb.github.io//bsu-demo/browse.html#anatomy"
"musicians",5,"https://dcnb.github.io//bsu-demo/browse.html#musicians"
"teaching",5,"https://dcnb.github.io//bsu-demo/browse.html#teaching"
"athletic clubs",5,"https://dcnb.github.io//bsu-demo/browse.html#athletic%20clubs"
"welding",5,"https://dcnb.github.io//bsu-demo/browse.html#welding"
"patriotism",5,"https://dcnb.github.io//bsu-demo/browse.html#patriotism"
"historians",5,"https://dcnb.github.io//bsu-demo/browse.html#historians"
"acrobatics",5,"https://dcnb.github.io//bsu-demo/browse.html#acrobatics"
"biologists",5,"https://dcnb.github.io//bsu-demo/browse.html#biologists"
"parking lots",5,"https://dcnb.github.io//bsu-demo/browse.html#parking%20lots"
"cultural center",5,"https://dcnb.github.io//bsu-demo/browse.html#cultural%20center"
"footbridge",5,"https://dcnb.github.io//bsu-demo/browse.html#footbridge"
"birds",5,"https://dcnb.github.io//bsu-demo/browse.html#birds"
"telephones",5,"https://dcnb.github.io//bsu-demo/browse.html#telephones"
"aeronautics",5,"https://dcnb.github.io//bsu-demo/browse.html#aeronautics"
"runners (sports)",5,"https://dcnb.github.io//bsu-demo/browse.html#runners%20(sports)"
"economics",5,"https://dcnb.github.io//bsu-demo/browse.html#economics"
"vaulting",5,"https://dcnb.github.io//bsu-demo/browse.html#vaulting"
"initiation rites",5,"https://dcnb.github.io//bsu-demo/browse.html#initiation%20rites"
"organs",5,"https://dcnb.github.io//bsu-demo/browse.html#organs"
"trees",5,"https://dcnb.github.io//bsu-demo/browse.html#trees"
"people with disabilities",5,"https://dcnb.github.io//bsu-demo/browse.html#people%20with%20disabilities"
"student unions",5,"https://dcnb.github.io//bsu-demo/browse.html#student%20unions"
"civil liberties",5,"https://dcnb.github.io//bsu-demo/browse.html#civil%20liberties"
"tubas",5,"https://dcnb.github.io//bsu-demo/browse.html#tubas"
"stickers",5,"https://dcnb.github.io//bsu-demo/browse.html#stickers"
"television studios",5,"https://dcnb.github.io//bsu-demo/browse.html#television%20studios"
"weight lifting",5,"https://dcnb.github.io//bsu-demo/browse.html#weight%20lifting"
"carnivals",5,"https://dcnb.github.io//bsu-demo/browse.html#carnivals"
"world records",5,"https://dcnb.github.io//bsu-demo/browse.html#world%20records"
"logos",5,"https://dcnb.github.io//bsu-demo/browse.html#logos"
"brian becker",5,"https://dcnb.github.io//bsu-demo/browse.html#brian%20becker"
"drawing",5,"https://dcnb.github.io//bsu-demo/browse.html#drawing"
"concerts",5,"https://dcnb.github.io//bsu-demo/browse.html#concerts"
"recruiting & enlistment",4,"https://dcnb.github.io//bsu-demo/browse.html#recruiting%20&%20enlistment"
"faculty",4,"https://dcnb.github.io//bsu-demo/browse.html#faculty"
"dance",4,"https://dcnb.github.io//bsu-demo/browse.html#dance"
"machine shops",4,"https://dcnb.github.io//bsu-demo/browse.html#machine%20shops"
"housing",4,"https://dcnb.github.io//bsu-demo/browse.html#housing"
"bowling",4,"https://dcnb.github.io//bsu-demo/browse.html#bowling"
"student involvement",4,"https://dcnb.github.io//bsu-demo/browse.html#student%20involvement"
"boise state college foundation",4,"https://dcnb.github.io//bsu-demo/browse.html#boise%20state%20college%20foundation"
"offices",4,"https://dcnb.github.io//bsu-demo/browse.html#offices"
"microscopes",4,"https://dcnb.github.io//bsu-demo/browse.html#microscopes"
"flagpoles",4,"https://dcnb.github.io//bsu-demo/browse.html#flagpoles"
"apartments",4,"https://dcnb.github.io//bsu-demo/browse.html#apartments"
"emblem pictures",4,"https://dcnb.github.io//bsu-demo/browse.html#emblem%20pictures"
"actors",4,"https://dcnb.github.io//bsu-demo/browse.html#actors"
"artists' studios",4,"https://dcnb.github.io//bsu-demo/browse.html#artists'%20studios"
"schools",4,"https://dcnb.github.io//bsu-demo/browse.html#schools"
"carnival games",4,"https://dcnb.github.io//bsu-demo/browse.html#carnival%20games"
"music ensembles",4,"https://dcnb.github.io//bsu-demo/browse.html#music%20ensembles"
"student program board",4,"https://dcnb.github.io//bsu-demo/browse.html#student%20program%20board"
"medical offices",4,"https://dcnb.github.io//bsu-demo/browse.html#medical%20offices"
"hurdle racing",4,"https://dcnb.github.io//bsu-demo/browse.html#hurdle%20racing"
"furniture",4,"https://dcnb.github.io//bsu-demo/browse.html#furniture"
"library",4,"https://dcnb.github.io//bsu-demo/browse.html#library"
"monuments & memorials",4,"https://dcnb.github.io//bsu-demo/browse.html#monuments%20&%20memorials"
"helicopters",4,"https://dcnb.github.io//bsu-demo/browse.html#helicopters"
"books",4,"https://dcnb.github.io//bsu-demo/browse.html#books"
"capitols",4,"https://dcnb.github.io//bsu-demo/browse.html#capitols"
"philanthropy",4,"https://dcnb.github.io//bsu-demo/browse.html#philanthropy"
"trumpets",4,"https://dcnb.github.io//bsu-demo/browse.html#trumpets"
"chuck scheer",4,"https://dcnb.github.io//bsu-demo/browse.html#chuck%20scheer"
"recreational vehicles",4,"https://dcnb.github.io//bsu-demo/browse.html#recreational%20vehicles"
"crowns",4,"https://dcnb.github.io//bsu-demo/browse.html#crowns"
"gambling",4,"https://dcnb.github.io//bsu-demo/browse.html#gambling"
"boise (idaho) --aerial views",4,"https://dcnb.github.io//bsu-demo/browse.html#boise%20(idaho)%20--aerial%20views"
"linda shin",4,"https://dcnb.github.io//bsu-demo/browse.html#linda%20shin"
"wrestling",4,"https://dcnb.github.io//bsu-demo/browse.html#wrestling"
"john kelly",4,"https://dcnb.github.io//bsu-demo/browse.html#john%20kelly"
"big bands",4,"https://dcnb.github.io//bsu-demo/browse.html#big%20bands"
"legislators",4,"https://dcnb.github.io//bsu-demo/browse.html#legislators"
"phonographs",4,"https://dcnb.github.io//bsu-demo/browse.html#phonographs"
"universities & colleges",4,"https://dcnb.github.io//bsu-demo/browse.html#universities%20&%20colleges"
"nursing",4,"https://dcnb.github.io//bsu-demo/browse.html#nursing"
"airplanes",4,"https://dcnb.github.io//bsu-demo/browse.html#airplanes"
"business education",4,"https://dcnb.github.io//bsu-demo/browse.html#business%20education"
"kinesiology",4,"https://dcnb.github.io//bsu-demo/browse.html#kinesiology"
"markus, russ p.",4,"https://dcnb.github.io//bsu-demo/browse.html#markus,%20russ%20p."
"stadiums",4,"https://dcnb.github.io//bsu-demo/browse.html#stadiums"
"women's education",3,"https://dcnb.github.io//bsu-demo/browse.html#women's%20education"
"radiography",3,"https://dcnb.github.io//bsu-demo/browse.html#radiography"
"carr, franklin",3,"https://dcnb.github.io//bsu-demo/browse.html#carr,%20franklin"
"motion pictures",3,"https://dcnb.github.io//bsu-demo/browse.html#motion%20pictures"
"discounts",3,"https://dcnb.github.io//bsu-demo/browse.html#discounts"
"jumping",3,"https://dcnb.github.io//bsu-demo/browse.html#jumping"
"sand",3,"https://dcnb.github.io//bsu-demo/browse.html#sand"
"pizza",3,"https://dcnb.github.io//bsu-demo/browse.html#pizza"
"art exhibitions",3,"https://dcnb.github.io//bsu-demo/browse.html#art%20exhibitions"
"les bois yearbook photographer",3,"https://dcnb.github.io//bsu-demo/browse.html#les%20bois%20yearbook%20photographer"
"anniversaries",3,"https://dcnb.github.io//bsu-demo/browse.html#anniversaries"
"conference rooms",3,"https://dcnb.github.io//bsu-demo/browse.html#conference%20rooms"
"driveways",3,"https://dcnb.github.io//bsu-demo/browse.html#driveways"
"convertible automobiles",3,"https://dcnb.github.io//bsu-demo/browse.html#convertible%20automobiles"
"athletic fields",3,"https://dcnb.github.io//bsu-demo/browse.html#athletic%20fields"
"armies",3,"https://dcnb.github.io//bsu-demo/browse.html#armies"
"organizations",3,"https://dcnb.github.io//bsu-demo/browse.html#organizations"
"medical personnel",3,"https://dcnb.github.io//bsu-demo/browse.html#medical%20personnel"
"airports",3,"https://dcnb.github.io//bsu-demo/browse.html#airports"
"television production & direction",3,"https://dcnb.github.io//bsu-demo/browse.html#television%20production%20&%20direction"
"fire fighters",3,"https://dcnb.github.io//bsu-demo/browse.html#fire%20fighters"
"table tennis",3,"https://dcnb.github.io//bsu-demo/browse.html#table%20tennis"
"blackboards",3,"https://dcnb.github.io//bsu-demo/browse.html#blackboards"
"martial arts",3,"https://dcnb.github.io//bsu-demo/browse.html#martial%20arts"
"cookery",3,"https://dcnb.github.io//bsu-demo/browse.html#cookery"
"political parades & rallies",3,"https://dcnb.github.io//bsu-demo/browse.html#political%20parades%20&%20rallies"
"political campaigns",3,"https://dcnb.github.io//bsu-demo/browse.html#political%20campaigns"
"buffets (cookery)",3,"https://dcnb.github.io//bsu-demo/browse.html#buffets%20(cookery)"
"fountains",3,"https://dcnb.github.io//bsu-demo/browse.html#fountains"
"safety",3,"https://dcnb.github.io//bsu-demo/browse.html#safety"
"construction industry",3,"https://dcnb.github.io//bsu-demo/browse.html#construction%20industry"
"singing",3,"https://dcnb.github.io//bsu-demo/browse.html#singing"
"architectural drawings",3,"https://dcnb.github.io//bsu-demo/browse.html#architectural%20drawings"
"tennis courts",3,"https://dcnb.github.io//bsu-demo/browse.html#tennis%20courts"
"stairways",3,"https://dcnb.github.io//bsu-demo/browse.html#stairways"
"auditoriums",3,"https://dcnb.github.io//bsu-demo/browse.html#auditoriums"
"physicians",3,"https://dcnb.github.io//bsu-demo/browse.html#physicians"
"shaving",3,"https://dcnb.github.io//bsu-demo/browse.html#shaving"
"fires",3,"https://dcnb.github.io//bsu-demo/browse.html#fires"
"libraries (rooms)",3,"https://dcnb.github.io//bsu-demo/browse.html#libraries%20(rooms)"
"facilities",3,"https://dcnb.github.io//bsu-demo/browse.html#facilities"
"boise state university volunteer services board",3,"https://dcnb.github.io//bsu-demo/browse.html#boise%20state%20university%20volunteer%20services%20board"
"office equipment & supplies",3,"https://dcnb.github.io//bsu-demo/browse.html#office%20equipment%20&%20supplies"
"blizzards",3,"https://dcnb.github.io//bsu-demo/browse.html#blizzards"
"history department",3,"https://dcnb.github.io//bsu-demo/browse.html#history%20department"
"mathematics",3,"https://dcnb.github.io//bsu-demo/browse.html#mathematics"
"metalworking",3,"https://dcnb.github.io//bsu-demo/browse.html#metalworking"
"trailers",3,"https://dcnb.github.io//bsu-demo/browse.html#trailers"
"exhibitions",3,"https://dcnb.github.io//bsu-demo/browse.html#exhibitions"
"mailboxes",3,"https://dcnb.github.io//bsu-demo/browse.html#mailboxes"
"canoes",3,"https://dcnb.github.io//bsu-demo/browse.html#canoes"
"metalwork",3,"https://dcnb.github.io//bsu-demo/browse.html#metalwork"
"female impersonators",3,"https://dcnb.github.io//bsu-demo/browse.html#female%20impersonators"
"concepts inc.",3,"https://dcnb.github.io//bsu-demo/browse.html#concepts%20inc."
"t-shirts",3,"https://dcnb.github.io//bsu-demo/browse.html#t-shirts"
"theaters",3,"https://dcnb.github.io//bsu-demo/browse.html#theaters"
"televisions",3,"https://dcnb.github.io//bsu-demo/browse.html#televisions"
"luncheons",3,"https://dcnb.github.io//bsu-demo/browse.html#luncheons"
"christmas trees",2,"https://dcnb.github.io//bsu-demo/browse.html#christmas%20trees"
"radios",2,"https://dcnb.github.io//bsu-demo/browse.html#radios"
"boise college",2,"https://dcnb.github.io//bsu-demo/browse.html#boise%20college"
"ncaa",2,"https://dcnb.github.io//bsu-demo/browse.html#ncaa"
"wally byam caravan club international",2,"https://dcnb.github.io//bsu-demo/browse.html#wally%20byam%20caravan%20club%20international"
"jails",2,"https://dcnb.github.io//bsu-demo/browse.html#jails"
"dirt",2,"https://dcnb.github.io//bsu-demo/browse.html#dirt"
"baking",2,"https://dcnb.github.io//bsu-demo/browse.html#baking"
"elevators",2,"https://dcnb.github.io//bsu-demo/browse.html#elevators"
"luggage",2,"https://dcnb.github.io//bsu-demo/browse.html#luggage"
"binoculars",2,"https://dcnb.github.io//bsu-demo/browse.html#binoculars"
"photographers",2,"https://dcnb.github.io//bsu-demo/browse.html#photographers"
"carbonated beverages",2,"https://dcnb.github.io//bsu-demo/browse.html#carbonated%20beverages"
"student union programs board art committee",2,"https://dcnb.github.io//bsu-demo/browse.html#student%20union%20programs%20board%20art%20committee"
"reel 2 real film series.",2,"https://dcnb.github.io//bsu-demo/browse.html#reel%202%20real%20film%20series."
"student programs board films",2,"https://dcnb.github.io//bsu-demo/browse.html#student%20programs%20board%20films"
"voter registration",2,"https://dcnb.github.io//bsu-demo/browse.html#voter%20registration"
"student program boards",2,"https://dcnb.github.io//bsu-demo/browse.html#student%20program%20boards"
"campus forum",2,"https://dcnb.github.io//bsu-demo/browse.html#campus%20forum"
"graphic design",2,"https://dcnb.github.io//bsu-demo/browse.html#graphic%20design"
"student union programs board",2,"https://dcnb.github.io//bsu-demo/browse.html#student%20union%20programs%20board"
"cattle",2,"https://dcnb.github.io//bsu-demo/browse.html#cattle"
"glassworking",2,"https://dcnb.github.io//bsu-demo/browse.html#glassworking"
"building construction",2,"https://dcnb.github.io//bsu-demo/browse.html#building%20construction"
"health services",2,"https://dcnb.github.io//bsu-demo/browse.html#health%20services"
"painting",2,"https://dcnb.github.io//bsu-demo/browse.html#painting"
"bridges",2,"https://dcnb.github.io//bsu-demo/browse.html#bridges"
"bars",2,"https://dcnb.github.io//bsu-demo/browse.html#bars"
"bands",2,"https://dcnb.github.io//bsu-demo/browse.html#bands"
"boise state university alumni association",2,"https://dcnb.github.io//bsu-demo/browse.html#boise%20state%20university%20alumni%20association"
"state sports",2,"https://dcnb.github.io//bsu-demo/browse.html#state%20sports"
"burns studio",2,"https://dcnb.github.io//bsu-demo/browse.html#burns%20studio"
"chess",2,"https://dcnb.github.io//bsu-demo/browse.html#chess"
"pipelines",2,"https://dcnb.github.io//bsu-demo/browse.html#pipelines"
"electronic apparatus & appliances",2,"https://dcnb.github.io//bsu-demo/browse.html#electronic%20apparatus%20&%20appliances"
"maben, troy",2,"https://dcnb.github.io//bsu-demo/browse.html#maben,%20troy"
"bly, steve",2,"https://dcnb.github.io//bsu-demo/browse.html#bly,%20steve"
"infants",2,"https://dcnb.github.io//bsu-demo/browse.html#infants"
"coca-cola company",2,"https://dcnb.github.io//bsu-demo/browse.html#coca-cola%20company"
"robert w. williams",2,"https://dcnb.github.io//bsu-demo/browse.html#robert%20w.%20williams"
"mike esposito",2,"https://dcnb.github.io//bsu-demo/browse.html#mike%20esposito"
"russ p. markus",2,"https://dcnb.github.io//bsu-demo/browse.html#russ%20p.%20markus"
"carrie quinney",2,"https://dcnb.github.io//bsu-demo/browse.html#carrie%20quinney"
"becker, brian",2,"https://dcnb.github.io//bsu-demo/browse.html#becker,%20brian"
"cowboys",2,"https://dcnb.github.io//bsu-demo/browse.html#cowboys"
"idaho statesman",2,"https://dcnb.github.io//bsu-demo/browse.html#idaho%20statesman"
"drama clubs",2,"https://dcnb.github.io//bsu-demo/browse.html#drama%20clubs"
"grant, stephen j.",2,"https://dcnb.github.io//bsu-demo/browse.html#grant,%20stephen%20j."
"drum majors",2,"https://dcnb.github.io//bsu-demo/browse.html#drum%20majors"
"engineers",2,"https://dcnb.github.io//bsu-demo/browse.html#engineers"
"billboards",2,"https://dcnb.github.io//bsu-demo/browse.html#billboards"
"sports & recreation facilities",2,"https://dcnb.github.io//bsu-demo/browse.html#sports%20&%20recreation%20facilities"
"volunteer services board",2,"https://dcnb.github.io//bsu-demo/browse.html#volunteer%20services%20board"
"rain",2,"https://dcnb.github.io//bsu-demo/browse.html#rain"
"hats",2,"https://dcnb.github.io//bsu-demo/browse.html#hats"
"table rock",2,"https://dcnb.github.io//bsu-demo/browse.html#table%20rock"
"journalism",2,"https://dcnb.github.io//bsu-demo/browse.html#journalism"
"greenhouses",2,"https://dcnb.github.io//bsu-demo/browse.html#greenhouses"
"celebrations",2,"https://dcnb.github.io//bsu-demo/browse.html#celebrations"
"masquerades",2,"https://dcnb.github.io//bsu-demo/browse.html#masquerades"
"trombones",2,"https://dcnb.github.io//bsu-demo/browse.html#trombones"
"victory celebrations",2,"https://dcnb.github.io//bsu-demo/browse.html#victory%20celebrations"
"songs",2,"https://dcnb.github.io//bsu-demo/browse.html#songs"
"health education",2,"https://dcnb.github.io//bsu-demo/browse.html#health%20education"
"assistance",2,"https://dcnb.github.io//bsu-demo/browse.html#assistance"
"living rooms",2,"https://dcnb.github.io//bsu-demo/browse.html#living%20rooms"
"pottery",2,"https://dcnb.github.io//bsu-demo/browse.html#pottery"
"people",2,"https://dcnb.github.io//bsu-demo/browse.html#people"
"running",2,"https://dcnb.github.io//bsu-demo/browse.html#running"
"parking garages",2,"https://dcnb.github.io//bsu-demo/browse.html#parking%20garages"
"golf",2,"https://dcnb.github.io//bsu-demo/browse.html#golf"
"meetings",2,"https://dcnb.github.io//bsu-demo/browse.html#meetings"
"women",2,"https://dcnb.github.io//bsu-demo/browse.html#women"
"blueprints",2,"https://dcnb.github.io//bsu-demo/browse.html#blueprints"
"camping",2,"https://dcnb.github.io//bsu-demo/browse.html#camping"
"lounges",2,"https://dcnb.github.io//bsu-demo/browse.html#lounges"
"science",2,"https://dcnb.github.io//bsu-demo/browse.html#science"
"conductors",2,"https://dcnb.github.io//bsu-demo/browse.html#conductors"
"posters",2,"https://dcnb.github.io//bsu-demo/browse.html#posters"
"refugees",2,"https://dcnb.github.io//bsu-demo/browse.html#refugees"
"bells",2,"https://dcnb.github.io//bsu-demo/browse.html#bells"
"environmental policy",2,"https://dcnb.github.io//bsu-demo/browse.html#environmental%20policy"
"architects",2,"https://dcnb.github.io//bsu-demo/browse.html#architects"
"kayaks",2,"https://dcnb.github.io//bsu-demo/browse.html#kayaks"
"discussion",2,"https://dcnb.github.io//bsu-demo/browse.html#discussion"
"horseback riding",2,"https://dcnb.github.io//bsu-demo/browse.html#horseback%20riding"
"printing presses",2,"https://dcnb.github.io//bsu-demo/browse.html#printing%20presses"
"printing industry",2,"https://dcnb.github.io//bsu-demo/browse.html#printing%20industry"
"sociology",2,"https://dcnb.github.io//bsu-demo/browse.html#sociology"
"games",2,"https://dcnb.github.io//bsu-demo/browse.html#games"
"activities",2,"https://dcnb.github.io//bsu-demo/browse.html#activities"
"microfiche",2,"https://dcnb.github.io//bsu-demo/browse.html#microfiche"
"barracks",2,"https://dcnb.github.io//bsu-demo/browse.html#barracks"
"music halls",2,"https://dcnb.github.io//bsu-demo/browse.html#music%20halls"
"shovels",2,"https://dcnb.github.io//bsu-demo/browse.html#shovels"
"portrait photographs",2,"https://dcnb.github.io//bsu-demo/browse.html#portrait%20photographs"
"ballroom dancing",2,"https://dcnb.github.io//bsu-demo/browse.html#ballroom%20dancing"
"swimming",2,"https://dcnb.github.io//bsu-demo/browse.html#swimming"
"climbing",2,"https://dcnb.github.io//bsu-demo/browse.html#climbing"
"taxidermy",2,"https://dcnb.github.io//bsu-demo/browse.html#taxidermy"
"dunes",2,"https://dcnb.github.io//bsu-demo/browse.html#dunes"
"anthropologists",2,"https://dcnb.github.io//bsu-demo/browse.html#anthropologists"
"arrowheads",2,"https://dcnb.github.io//bsu-demo/browse.html#arrowheads"
"rehearsals",2,"https://dcnb.github.io//bsu-demo/browse.html#rehearsals"
"birds of prey",2,"https://dcnb.github.io//bsu-demo/browse.html#birds%20of%20prey"
"calliopes",2,"https://dcnb.github.io//bsu-demo/browse.html#calliopes"
"engines",2,"https://dcnb.github.io//bsu-demo/browse.html#engines"
"debates",2,"https://dcnb.github.io//bsu-demo/browse.html#debates"
"tree planting ceremonies",2,"https://dcnb.github.io//bsu-demo/browse.html#tree%20planting%20ceremonies"
"employment agencies",2,"https://dcnb.github.io//bsu-demo/browse.html#employment%20agencies"
"desks",2,"https://dcnb.github.io//bsu-demo/browse.html#desks"
"woodwork",2,"https://dcnb.github.io//bsu-demo/browse.html#woodwork"
"language",2,"https://dcnb.github.io//bsu-demo/browse.html#language"
"advertising",2,"https://dcnb.github.io//bsu-demo/browse.html#advertising"
"showcases",2,"https://dcnb.github.io//bsu-demo/browse.html#showcases"
"jazz",2,"https://dcnb.github.io//bsu-demo/browse.html#jazz"
"fire",2,"https://dcnb.github.io//bsu-demo/browse.html#fire"
"research",2,"https://dcnb.github.io//bsu-demo/browse.html#research"
"tractors",2,"https://dcnb.github.io//bsu-demo/browse.html#tractors"
"horticultural buildings",2,"https://dcnb.github.io//bsu-demo/browse.html#horticultural%20buildings"
"band uniforms",2,"https://dcnb.github.io//bsu-demo/browse.html#band%20uniforms"
"trucks",2,"https://dcnb.github.io//bsu-demo/browse.html#trucks"
"periodicals",2,"https://dcnb.github.io//bsu-demo/browse.html#periodicals"
"memorabilia",2,"https://dcnb.github.io//bsu-demo/browse.html#memorabilia"
"models",2,"https://dcnb.github.io//bsu-demo/browse.html#models"
"storefronts",2,"https://dcnb.github.io//bsu-demo/browse.html#storefronts"
"radiologists",2,"https://dcnb.github.io//bsu-demo/browse.html#radiologists"
"marquees",2,"https://dcnb.github.io//bsu-demo/browse.html#marquees"
"carpenter shops",2,"https://dcnb.github.io//bsu-demo/browse.html#carpenter%20shops"
"experiments",2,"https://dcnb.github.io//bsu-demo/browse.html#experiments"
"concrete",2,"https://dcnb.github.io//bsu-demo/browse.html#concrete"
"lobbies",2,"https://dcnb.github.io//bsu-demo/browse.html#lobbies"
"military personnel",2,"https://dcnb.github.io//bsu-demo/browse.html#military%20personnel"
"boxes",2,"https://dcnb.github.io//bsu-demo/browse.html#boxes"
"testing",2,"https://dcnb.github.io//bsu-demo/browse.html#testing"
"dedications",2,"https://dcnb.github.io//bsu-demo/browse.html#dedications"
"day care",2,"https://dcnb.github.io//bsu-demo/browse.html#day%20care"
"surveying",2,"https://dcnb.github.io//bsu-demo/browse.html#surveying"
"dinner parties",2,"https://dcnb.github.io//bsu-demo/browse.html#dinner%20parties"
"quadrangles (courtyards)",2,"https://dcnb.github.io//bsu-demo/browse.html#quadrangles%20(courtyards)"
"surveying equipment",2,"https://dcnb.github.io//bsu-demo/browse.html#surveying%20equipment"
"electric lines",2,"https://dcnb.github.io//bsu-demo/browse.html#electric%20lines"
"paintings",2,"https://dcnb.github.io//bsu-demo/browse.html#paintings"
"drill teams",2,"https://dcnb.github.io//bsu-demo/browse.html#drill%20teams"
"drafting tables",2,"https://dcnb.github.io//bsu-demo/browse.html#drafting%20tables"
"dental education",2,"https://dcnb.github.io//bsu-demo/browse.html#dental%20education"
"dentistry",2,"https://dcnb.github.io//bsu-demo/browse.html#dentistry"
"printers",2,"https://dcnb.github.io//bsu-demo/browse.html#printers"
"narcotics",1,"https://dcnb.github.io//bsu-demo/browse.html#narcotics"
"criminal investigations",1,"https://dcnb.github.io//bsu-demo/browse.html#criminal%20investigations"
"naval aviation",1,"https://dcnb.github.io//bsu-demo/browse.html#naval%20aviation"
"couches",1,"https://dcnb.github.io//bsu-demo/browse.html#couches"
"upholstery",1,"https://dcnb.github.io//bsu-demo/browse.html#upholstery"
"military officers",1,"https://dcnb.github.io//bsu-demo/browse.html#military%20officers"
"motion picture posters",1,"https://dcnb.github.io//bsu-demo/browse.html#motion%20picture%20posters"
"stage lighting",1,"https://dcnb.github.io//bsu-demo/browse.html#stage%20lighting"
"real estate business",1,"https://dcnb.github.io//bsu-demo/browse.html#real%20estate%20business"
"cakes",1,"https://dcnb.github.io//bsu-demo/browse.html#cakes"
"balls (parties)",1,"https://dcnb.github.io//bsu-demo/browse.html#balls%20(parties)"
"water pollution",1,"https://dcnb.github.io//bsu-demo/browse.html#water%20pollution"
"potatoes",1,"https://dcnb.github.io//bsu-demo/browse.html#potatoes"
"botany",1,"https://dcnb.github.io//bsu-demo/browse.html#botany"
"television programs for children",1,"https://dcnb.github.io//bsu-demo/browse.html#television%20programs%20for%20children"
"foreign service",1,"https://dcnb.github.io//bsu-demo/browse.html#foreign%20service"
"dance cards",1,"https://dcnb.github.io//bsu-demo/browse.html#dance%20cards"
"houses",1,"https://dcnb.github.io//bsu-demo/browse.html#houses"
"backyards",1,"https://dcnb.github.io//bsu-demo/browse.html#backyards"
"copying machines",1,"https://dcnb.github.io//bsu-demo/browse.html#copying%20machines"
"suits (clothing)",1,"https://dcnb.github.io//bsu-demo/browse.html#suits%20(clothing)"
"exercise equipment & supplies",1,"https://dcnb.github.io//bsu-demo/browse.html#exercise%20equipment%20&%20supplies"
"gasoline",1,"https://dcnb.github.io//bsu-demo/browse.html#gasoline"
"automobile travel",1,"https://dcnb.github.io//bsu-demo/browse.html#automobile%20travel"
"tickets",1,"https://dcnb.github.io//bsu-demo/browse.html#tickets"
"gymnasium",1,"https://dcnb.github.io//bsu-demo/browse.html#gymnasium"
"saws",1,"https://dcnb.github.io//bsu-demo/browse.html#saws"
"gymnasiums",1,"https://dcnb.github.io//bsu-demo/browse.html#gymnasiums"
"tuberculosis",1,"https://dcnb.github.io//bsu-demo/browse.html#tuberculosis"
"trusses",1,"https://dcnb.github.io//bsu-demo/browse.html#trusses"
"christmas seals",1,"https://dcnb.github.io//bsu-demo/browse.html#christmas%20seals"
"popcorn",1,"https://dcnb.github.io//bsu-demo/browse.html#popcorn"
"courtyards",1,"https://dcnb.github.io//bsu-demo/browse.html#courtyards"
"bus travel",1,"https://dcnb.github.io//bsu-demo/browse.html#bus%20travel"
"tires",1,"https://dcnb.github.io//bsu-demo/browse.html#tires"
"pollution",1,"https://dcnb.github.io//bsu-demo/browse.html#pollution"
"fossils",1,"https://dcnb.github.io//bsu-demo/browse.html#fossils"
"biplanes",1,"https://dcnb.github.io//bsu-demo/browse.html#biplanes"
"percussion instruments",1,"https://dcnb.github.io//bsu-demo/browse.html#percussion%20instruments"
"angels",1,"https://dcnb.github.io//bsu-demo/browse.html#angels"
"pianists",1,"https://dcnb.github.io//bsu-demo/browse.html#pianists"
"indigenous peoples",1,"https://dcnb.github.io//bsu-demo/browse.html#indigenous%20peoples"
"public affairs television programs",1,"https://dcnb.github.io//bsu-demo/browse.html#public%20affairs%20television%20programs"
"bird watching",1,"https://dcnb.github.io//bsu-demo/browse.html#bird%20watching"
"plants",1,"https://dcnb.github.io//bsu-demo/browse.html#plants"
"horticulture",1,"https://dcnb.github.io//bsu-demo/browse.html#horticulture"
"paleontology",1,"https://dcnb.github.io//bsu-demo/browse.html#paleontology"
"clock towers",1,"https://dcnb.github.io//bsu-demo/browse.html#clock%20towers"
"clocks & watches",1,"https://dcnb.github.io//bsu-demo/browse.html#clocks%20&%20watches"
"projectors",1,"https://dcnb.github.io//bsu-demo/browse.html#projectors"
"scrapbooks",1,"https://dcnb.github.io//bsu-demo/browse.html#scrapbooks"
"legislators' spouses",1,"https://dcnb.github.io//bsu-demo/browse.html#legislators'%20spouses"
"railroad ties",1,"https://dcnb.github.io//bsu-demo/browse.html#railroad%20ties"
"privies",1,"https://dcnb.github.io//bsu-demo/browse.html#privies"
"archives",1,"https://dcnb.github.io//bsu-demo/browse.html#archives"
"energy policy",1,"https://dcnb.github.io//bsu-demo/browse.html#energy%20policy"
"mathematicians",1,"https://dcnb.github.io//bsu-demo/browse.html#mathematicians"
"records (information)",1,"https://dcnb.github.io//bsu-demo/browse.html#records%20(information)"
"birdhouses",1,"https://dcnb.github.io//bsu-demo/browse.html#birdhouses"
"flag bearers",1,"https://dcnb.github.io//bsu-demo/browse.html#flag%20bearers"
"pulpits",1,"https://dcnb.github.io//bsu-demo/browse.html#pulpits"
"preachers",1,"https://dcnb.github.io//bsu-demo/browse.html#preachers"
"podiums",1,"https://dcnb.github.io//bsu-demo/browse.html#podiums"
"military uniforms",1,"https://dcnb.github.io//bsu-demo/browse.html#military%20uniforms"
"charitable organizations",1,"https://dcnb.github.io//bsu-demo/browse.html#charitable%20organizations"
"canyons",1,"https://dcnb.github.io//bsu-demo/browse.html#canyons"
"humorous pictures",1,"https://dcnb.github.io//bsu-demo/browse.html#humorous%20pictures"
"inaugurations",1,"https://dcnb.github.io//bsu-demo/browse.html#inaugurations"
"ovens",1,"https://dcnb.github.io//bsu-demo/browse.html#ovens"
"kitchens",1,"https://dcnb.github.io//bsu-demo/browse.html#kitchens"
"prospecting",1,"https://dcnb.github.io//bsu-demo/browse.html#prospecting"
"gold",1,"https://dcnb.github.io//bsu-demo/browse.html#gold"
"cannons",1,"https://dcnb.github.io//bsu-demo/browse.html#cannons"
"crosswalks",1,"https://dcnb.github.io//bsu-demo/browse.html#crosswalks"
"construction workers",1,"https://dcnb.github.io//bsu-demo/browse.html#construction%20workers"
"artists",1,"https://dcnb.github.io//bsu-demo/browse.html#artists"
"politics & government",1,"https://dcnb.github.io//bsu-demo/browse.html#politics%20&%20government"
"sponges",1,"https://dcnb.github.io//bsu-demo/browse.html#sponges"
"card games",1,"https://dcnb.github.io//bsu-demo/browse.html#card%20games"
"advertisements",1,"https://dcnb.github.io//bsu-demo/browse.html#advertisements"
"merchandise displays",1,"https://dcnb.github.io//bsu-demo/browse.html#merchandise%20displays"
"watering troughs",1,"https://dcnb.github.io//bsu-demo/browse.html#watering%20troughs"
"tango",1,"https://dcnb.github.io//bsu-demo/browse.html#tango"
"fencing",1,"https://dcnb.github.io//bsu-demo/browse.html#fencing"
"postal service",1,"https://dcnb.github.io//bsu-demo/browse.html#postal%20service"
"carts & wagons",1,"https://dcnb.github.io//bsu-demo/browse.html#carts%20&%20wagons"
"stocks (punishment)",1,"https://dcnb.github.io//bsu-demo/browse.html#stocks%20(punishment)"
"chandeliers",1,"https://dcnb.github.io//bsu-demo/browse.html#chandeliers"
"buttons (information artifacts)",1,"https://dcnb.github.io//bsu-demo/browse.html#buttons%20(information%20artifacts)"
"strong men",1,"https://dcnb.github.io//bsu-demo/browse.html#strong%20men"
"christmas cards",1,"https://dcnb.github.io//bsu-demo/browse.html#christmas%20cards"
"hearts",1,"https://dcnb.github.io//bsu-demo/browse.html#hearts"
"telecommunications industry",1,"https://dcnb.github.io//bsu-demo/browse.html#telecommunications%20industry"
"firearms",1,"https://dcnb.github.io//bsu-demo/browse.html#firearms"
"sleeping",1,"https://dcnb.github.io//bsu-demo/browse.html#sleeping"
"folk music",1,"https://dcnb.github.io//bsu-demo/browse.html#folk%20music"
"excavation",1,"https://dcnb.github.io//bsu-demo/browse.html#excavation"
"holes",1,"https://dcnb.github.io//bsu-demo/browse.html#holes"
"square dancing",1,"https://dcnb.github.io//bsu-demo/browse.html#square%20dancing"
"actresses",1,"https://dcnb.github.io//bsu-demo/browse.html#actresses"
"music festivals",1,"https://dcnb.github.io//bsu-demo/browse.html#music%20festivals"
"banners",1,"https://dcnb.github.io//bsu-demo/browse.html#banners"
"hvac systems",1,"https://dcnb.github.io//bsu-demo/browse.html#hvac%20systems"
"hosiery",1,"https://dcnb.github.io//bsu-demo/browse.html#hosiery"
"agriculture",1,"https://dcnb.github.io//bsu-demo/browse.html#agriculture"
"hangars",1,"https://dcnb.github.io//bsu-demo/browse.html#hangars"
"office buildings",1,"https://dcnb.github.io//bsu-demo/browse.html#office%20buildings"
"railroad stations",1,"https://dcnb.github.io//bsu-demo/browse.html#railroad%20stations"
"lamps",1,"https://dcnb.github.io//bsu-demo/browse.html#lamps"
"rifles",1,"https://dcnb.github.io//bsu-demo/browse.html#rifles"
"skeet shooting",1,"https://dcnb.github.io//bsu-demo/browse.html#skeet%20shooting"
"astronauts",1,"https://dcnb.github.io//bsu-demo/browse.html#astronauts"
"textiles",1,"https://dcnb.github.io//bsu-demo/browse.html#textiles"
"abstract sculpture",1,"https://dcnb.github.io//bsu-demo/browse.html#abstract%20sculpture"
"skiers",1,"https://dcnb.github.io//bsu-demo/browse.html#skiers"
"sidewalks",1,"https://dcnb.github.io//bsu-demo/browse.html#sidewalks"
"ski lodges",1,"https://dcnb.github.io//bsu-demo/browse.html#ski%20lodges"
"streets",1,"https://dcnb.github.io//bsu-demo/browse.html#streets"
"parachuting",1,"https://dcnb.github.io//bsu-demo/browse.html#parachuting"
"business & finance",1,"https://dcnb.github.io//bsu-demo/browse.html#business%20&%20finance"
"youth",1,"https://dcnb.github.io//bsu-demo/browse.html#youth"
"social life",1,"https://dcnb.github.io//bsu-demo/browse.html#social%20life"
"commemorations",1,"https://dcnb.github.io//bsu-demo/browse.html#commemorations"
"radiographs",1,"https://dcnb.github.io//bsu-demo/browse.html#radiographs"
"benches",1,"https://dcnb.github.io//bsu-demo/browse.html#benches"
"gardening equipment & supplies",1,"https://dcnb.github.io//bsu-demo/browse.html#gardening%20equipment%20&%20supplies"
"buses",1,"https://dcnb.github.io//bsu-demo/browse.html#buses"
"rope skipping",1,"https://dcnb.github.io//bsu-demo/browse.html#rope%20skipping"
"children's theater",1,"https://dcnb.github.io//bsu-demo/browse.html#children's%20theater"
"boxing",1,"https://dcnb.github.io//bsu-demo/browse.html#boxing"
"rugby",1,"https://dcnb.github.io//bsu-demo/browse.html#rugby"
"bowlers",1,"https://dcnb.github.io//bsu-demo/browse.html#bowlers"
"blood donations",1,"https://dcnb.github.io//bsu-demo/browse.html#blood%20donations"
"design drawings",1,"https://dcnb.github.io//bsu-demo/browse.html#design%20drawings"
"hawks",1,"https://dcnb.github.io//bsu-demo/browse.html#hawks"
"falcons",1,"https://dcnb.github.io//bsu-demo/browse.html#falcons"
"therapy",1,"https://dcnb.github.io//bsu-demo/browse.html#therapy"
"drinking fountains",1,"https://dcnb.github.io//bsu-demo/browse.html#drinking%20fountains"
"bowling alleys",1,"https://dcnb.github.io//bsu-demo/browse.html#bowling%20alleys"
"newspaper editors",1,"https://dcnb.github.io//bsu-demo/browse.html#newspaper%20editors"
"animal experimentation",1,"https://dcnb.github.io//bsu-demo/browse.html#animal%20experimentation"
"rats",1,"https://dcnb.github.io//bsu-demo/browse.html#rats"
"civil rights leaders",1,"https://dcnb.github.io//bsu-demo/browse.html#civil%20rights%20leaders"
"concert halls",1,"https://dcnb.github.io//bsu-demo/browse.html#concert%20halls"
"teachers colleges",1,"https://dcnb.github.io//bsu-demo/browse.html#teachers%20colleges"
"television programs",1,"https://dcnb.github.io//bsu-demo/browse.html#television%20programs"
"forums (discussion & debate)",1,"https://dcnb.github.io//bsu-demo/browse.html#forums%20(discussion%20&%20debate)"
"tables",1,"https://dcnb.github.io//bsu-demo/browse.html#tables"
"programs",1,"https://dcnb.github.io//bsu-demo/browse.html#programs"
"landscape pavilions",1,"https://dcnb.github.io//bsu-demo/browse.html#landscape%20pavilions"
"sweaters",1,"https://dcnb.github.io//bsu-demo/browse.html#sweaters"
"lacrosse",1,"https://dcnb.github.io//bsu-demo/browse.html#lacrosse"
"authors",1,"https://dcnb.github.io//bsu-demo/browse.html#authors"
"drugstores",1,"https://dcnb.github.io//bsu-demo/browse.html#drugstores"
"art",1,"https://dcnb.github.io//bsu-demo/browse.html#art"
"tuxedoes",1,"https://dcnb.github.io//bsu-demo/browse.html#tuxedoes"
"kbsu",1,"https://dcnb.github.io//bsu-demo/browse.html#kbsu"
"swimming pools",1,"https://dcnb.github.io//bsu-demo/browse.html#swimming%20pools"
"talk shows",1,"https://dcnb.github.io//bsu-demo/browse.html#talk%20shows"
"banquet camera photographs",1,"https://dcnb.github.io//bsu-demo/browse.html#banquet%20camera%20photographs"
"banquets",1,"https://dcnb.github.io//bsu-demo/browse.html#banquets"
"globes",1,"https://dcnb.github.io//bsu-demo/browse.html#globes"
"earrings",1,"https://dcnb.github.io//bsu-demo/browse.html#earrings"
"tennis players",1,"https://dcnb.github.io//bsu-demo/browse.html#tennis%20players"
"interviews",1,"https://dcnb.github.io//bsu-demo/browse.html#interviews"
"press conferences",1,"https://dcnb.github.io//bsu-demo/browse.html#press%20conferences"
"parties",1,"https://dcnb.github.io//bsu-demo/browse.html#parties"
"sunglasses",1,"https://dcnb.github.io//bsu-demo/browse.html#sunglasses"
"ruins",1,"https://dcnb.github.io//bsu-demo/browse.html#ruins"
"demolition",1,"https://dcnb.github.io//bsu-demo/browse.html#demolition"
"drawings",1,"https://dcnb.github.io//bsu-demo/browse.html#drawings"
"mistletoe",1,"https://dcnb.github.io//bsu-demo/browse.html#mistletoe"
"war bonds & funds",1,"https://dcnb.github.io//bsu-demo/browse.html#war%20bonds%20&%20funds"
"flying",1,"https://dcnb.github.io//bsu-demo/browse.html#flying"
"saxophones",1,"https://dcnb.github.io//bsu-demo/browse.html#saxophones"
"manners & customs",1,"https://dcnb.github.io//bsu-demo/browse.html#manners%20&%20customs"
"valentines",1,"https://dcnb.github.io//bsu-demo/browse.html#valentines"
"fireplace",1,"https://dcnb.github.io//bsu-demo/browse.html#fireplace"
"folk singers",1,"https://dcnb.github.io//bsu-demo/browse.html#folk%20singers"
"camps",1,"https://dcnb.github.io//bsu-demo/browse.html#camps"
"sombreros",1,"https://dcnb.github.io//bsu-demo/browse.html#sombreros"
"rock groups",1,"https://dcnb.github.io//bsu-demo/browse.html#rock%20groups"
"school boards",1,"https://dcnb.github.io//bsu-demo/browse.html#school%20boards"
"college sports",1,"https://dcnb.github.io//bsu-demo/browse.html#college%20sports"
"military facilities",1,"https://dcnb.github.io//bsu-demo/browse.html#military%20facilities"
"military life",1,"https://dcnb.github.io//bsu-demo/browse.html#military%20life"
"military organizations",1,"https://dcnb.github.io//bsu-demo/browse.html#military%20organizations"
"laundries (rooms & spaces)",1,"https://dcnb.github.io//bsu-demo/browse.html#laundries%20(rooms%20&%20spaces)"
"flutes",1,"https://dcnb.github.io//bsu-demo/browse.html#flutes"
"brass instruments",1,"https://dcnb.github.io//bsu-demo/browse.html#brass%20instruments"
"hazing",1,"https://dcnb.github.io//bsu-demo/browse.html#hazing"
"barbecue grills",1,"https://dcnb.github.io//bsu-demo/browse.html#barbecue%20grills"
"ceremonial dancers",1,"https://dcnb.github.io//bsu-demo/browse.html#ceremonial%20dancers"
"dogs",1,"https://dcnb.github.io//bsu-demo/browse.html#dogs"
"drum majorettes",1,"https://dcnb.github.io//bsu-demo/browse.html#drum%20majorettes"
"comedians",1,"https://dcnb.github.io//bsu-demo/browse.html#comedians"
"holidays",1,"https://dcnb.github.io//bsu-demo/browse.html#holidays"
"women's rights",1,"https://dcnb.github.io//bsu-demo/browse.html#women's%20rights"
"voting",1,"https://dcnb.github.io//bsu-demo/browse.html#voting"
"family violence",1,"https://dcnb.github.io//bsu-demo/browse.html#family%20violence"
"umbrellas",1,"https://dcnb.github.io//bsu-demo/browse.html#umbrellas"
"drum majoring",1,"https://dcnb.github.io//bsu-demo/browse.html#drum%20majoring"
"trails & paths",1,"https://dcnb.github.io//bsu-demo/browse.html#trails%20&%20paths"
"night photographs",1,"https://dcnb.github.io//bsu-demo/browse.html#night%20photographs"
"handicraft",1,"https://dcnb.github.io//bsu-demo/browse.html#handicraft"
"hygiene",1,"https://dcnb.github.io//bsu-demo/browse.html#hygiene"
"bracelets",1,"https://dcnb.github.io//bsu-demo/browse.html#bracelets"
"decorations",1,"https://dcnb.github.io//bsu-demo/browse.html#decorations"
"footballs",1,"https://dcnb.github.io//bsu-demo/browse.html#footballs"
"wind instruments",1,"https://dcnb.github.io//bsu-demo/browse.html#wind%20instruments"
"events",1,"https://dcnb.github.io//bsu-demo/browse.html#events"
"fighter pilots",1,"https://dcnb.github.io//bsu-demo/browse.html#fighter%20pilots"
"headdresses",1,"https://dcnb.github.io//bsu-demo/browse.html#headdresses"
"ceremonial objects",1,"https://dcnb.github.io//bsu-demo/browse.html#ceremonial%20objects"
"playgrounds",1,"https://dcnb.github.io//bsu-demo/browse.html#playgrounds"
"credit cards",1,"https://dcnb.github.io//bsu-demo/browse.html#credit%20cards"
"fighter planes",1,"https://dcnb.github.io//bsu-demo/browse.html#fighter%20planes"
"fairs",1,"https://dcnb.github.io//bsu-demo/browse.html#fairs"
"exhibit booths",1,"https://dcnb.github.io//bsu-demo/browse.html#exhibit%20booths"
"pinball machines",1,"https://dcnb.github.io//bsu-demo/browse.html#pinball%20machines"
"koch, augustus",1,"https://dcnb.github.io//bsu-demo/browse.html#koch,%20augustus"
"clowns",1,"https://dcnb.github.io//bsu-demo/browse.html#clowns"
"shoemaking",1,"https://dcnb.github.io//bsu-demo/browse.html#shoemaking"
"ansgar johnson",1,"https://dcnb.github.io//bsu-demo/browse.html#ansgar%20johnson"
"quoner, petti",1,"https://dcnb.github.io//bsu-demo/browse.html#quoner,%20petti"
"cornerstones",1,"https://dcnb.github.io//bsu-demo/browse.html#cornerstones"
"carr studios (boise, idaho)",1,"https://dcnb.github.io//bsu-demo/browse.html#carr%20studios%20(boise,%20idaho)"
"becka, brian",1,"https://dcnb.github.io//bsu-demo/browse.html#becka,%20brian"
"sallox, bill",1,"https://dcnb.github.io//bsu-demo/browse.html#sallox,%20bill"
"apartment houses",1,"https://dcnb.github.io//bsu-demo/browse.html#apartment%20houses"
"idaho air national guard",1,"https://dcnb.github.io//bsu-demo/browse.html#idaho%20air%20national%20guard"
"tourtellotte & hummel",1,"https://dcnb.github.io//bsu-demo/browse.html#tourtellotte%20&%20hummel"
"wayland and fennell (boise, idaho)",1,"https://dcnb.github.io//bsu-demo/browse.html#wayland%20and%20fennell%20(boise,%20idaho)"
"veterans",1,"https://dcnb.github.io//bsu-demo/browse.html#veterans"
"enocks, karl",1,"https://dcnb.github.io//bsu-demo/browse.html#enocks,%20karl"
"becker, brian (arbiter)",1,"https://dcnb.github.io//bsu-demo/browse.html#becker,%20brian%20(arbiter)"
"javelin throwing",1,"https://dcnb.github.io//bsu-demo/browse.html#javelin%20throwing"
"lunstrum, sarah/university news",1,"https://dcnb.github.io//bsu-demo/browse.html#lunstrum,%20sarah/university%20news"
"john sowell, university news",1,"https://dcnb.github.io//bsu-demo/browse.html#john%20sowell,%20university%20news"
"leo j. leeburn, jr.",1,"https://dcnb.github.io//bsu-demo/browse.html#leo%20j.%20leeburn,%20jr."
"mechanics (persons)",1,"https://dcnb.github.io//bsu-demo/browse.html#mechanics%20(persons)"
"bulletin boards",1,"https://dcnb.github.io//bsu-demo/browse.html#bulletin%20boards"
"steel",1,"https://dcnb.github.io//bsu-demo/browse.html#steel"
"tableware",1,"https://dcnb.github.io//bsu-demo/browse.html#tableware"
"john replogle",1,"https://dcnb.github.io//bsu-demo/browse.html#john%20replogle"
"sue ellen koop",1,"https://dcnb.github.io//bsu-demo/browse.html#sue%20ellen%20koop"
"denny freeburn",1,"https://dcnb.github.io//bsu-demo/browse.html#denny%20freeburn"
"karl enochs",1,"https://dcnb.github.io//bsu-demo/browse.html#karl%20enochs"
"stephen grant",1,"https://dcnb.github.io//bsu-demo/browse.html#stephen%20grant"
"rhodes scholars",1,"https://dcnb.github.io//bsu-demo/browse.html#rhodes%20scholars"
"military training",1,"https://dcnb.github.io//bsu-demo/browse.html#military%20training"
"lois palmgren",1,"https://dcnb.github.io//bsu-demo/browse.html#lois%20palmgren"
"travel",1,"https://dcnb.github.io//bsu-demo/browse.html#travel"
"hitchhiking",1,"https://dcnb.github.io//bsu-demo/browse.html#hitchhiking"
"janitors",1,"https://dcnb.github.io//bsu-demo/browse.html#janitors"
"christine powers",1,"https://dcnb.github.io//bsu-demo/browse.html#christine%20powers"
"musical notation",1,"https://dcnb.github.io//bsu-demo/browse.html#musical%20notation"
"jukeboxes",1,"https://dcnb.github.io//bsu-demo/browse.html#jukeboxes"
"jan scudder",1,"https://dcnb.github.io//bsu-demo/browse.html#jan%20scudder"
"medical equipment & supplies",1,"https://dcnb.github.io//bsu-demo/browse.html#medical%20equipment%20&%20supplies"
"brian becke",1,"https://dcnb.github.io//bsu-demo/browse.html#brian%20becke"
"mike gibbons",1,"https://dcnb.github.io//bsu-demo/browse.html#mike%20gibbons"
"coaching (athletics)",1,"https://dcnb.github.io//bsu-demo/browse.html#coaching%20(athletics)"
"strollers (baby carriages)",1,"https://dcnb.github.io//bsu-demo/browse.html#strollers%20(baby%20carriages)"
"cowboy boots",1,"https://dcnb.github.io//bsu-demo/browse.html#cowboy%20boots"
"buzzini, ryan",1,"https://dcnb.github.io//bsu-demo/browse.html#buzzini,%20ryan"
"architectural models",1,"https://dcnb.github.io//bsu-demo/browse.html#architectural%20models"
"boise state information services",1,"https://dcnb.github.io//bsu-demo/browse.html#boise%20state%20information%20services"
"chalk drawings",1,"https://dcnb.github.io//bsu-demo/browse.html#chalk%20drawings"
"hanford family",1,"https://dcnb.github.io//bsu-demo/browse.html#hanford%20family"
"boise state university albertsons library special collections and archives",1,"https://dcnb.github.io//bsu-demo/browse.html#boise%20state%20university%20albertsons%20library%20special%20collections%20and%20archives"
"photography",1,"https://dcnb.github.io//bsu-demo/browse.html#photography"
"robert g. allen",1,"https://dcnb.github.io//bsu-demo/browse.html#robert%20g.%20allen"
"ballrooms",1,"https://dcnb.github.io//bsu-demo/browse.html#ballrooms"
"boise state college homecoming committee",1,"https://dcnb.github.io//bsu-demo/browse.html#boise%20state%20college%20homecoming%20committee"
"watercolors",1,"https://dcnb.github.io//bsu-demo/browse.html#watercolors"
"sheep",1,"https://dcnb.github.io//bsu-demo/browse.html#sheep"
"artists' models",1,"https://dcnb.github.io//bsu-demo/browse.html#artists'%20models"
"billiard parlors",1,"https://dcnb.github.io//bsu-demo/browse.html#billiard%20parlors"
"hands",1,"https://dcnb.github.io//bsu-demo/browse.html#hands"
"delta sigma",1,"https://dcnb.github.io//bsu-demo/browse.html#delta%20sigma"
"glassblowing",1,"https://dcnb.github.io//bsu-demo/browse.html#glassblowing"
"alpha kappa delta",1,"https://dcnb.github.io//bsu-demo/browse.html#alpha%20kappa%20delta"
"cameras",1,"https://dcnb.github.io//bsu-demo/browse.html#cameras"
"scoreboards",1,"https://dcnb.github.io//bsu-demo/browse.html#scoreboards"
"icicles",1,"https://dcnb.github.io//bsu-demo/browse.html#icicles"
"saa student alumni association",1,"https://dcnb.github.io//bsu-demo/browse.html#saa%20student%20alumni%20association"
"victory of violence",1,"https://dcnb.github.io//bsu-demo/browse.html#victory%20of%20violence"
"campus security",1,"https://dcnb.github.io//bsu-demo/browse.html#campus%20security"
"chimneys",1,"https://dcnb.github.io//bsu-demo/browse.html#chimneys"
"jeans (clothing)",1,"https://dcnb.github.io//bsu-demo/browse.html#jeans%20(clothing)"
"snowmen",1,"https://dcnb.github.io//bsu-demo/browse.html#snowmen"
"diners (restaurants)",1,"https://dcnb.github.io//bsu-demo/browse.html#diners%20(restaurants)"
"bsu programs board",1,"https://dcnb.github.io//bsu-demo/browse.html#bsu%20programs%20board"
"the bsu travel club",1,"https://dcnb.github.io//bsu-demo/browse.html#the%20bsu%20travel%20club"
"the student programs board (spb)",1,"https://dcnb.github.io//bsu-demo/browse.html#the%20student%20programs%20board%20(spb)"
"the student program board(spb)",1,"https://dcnb.github.io//bsu-demo/browse.html#the%20student%20program%20board(spb)"
"restaurants",1,"https://dcnb.github.io//bsu-demo/browse.html#restaurants"
"arbiter",1,"https://dcnb.github.io//bsu-demo/browse.html#arbiter"
"boise state university programs",1,"https://dcnb.github.io//bsu-demo/browse.html#boise%20state%20university%20programs"
"kappa sigma",1,"https://dcnb.github.io//bsu-demo/browse.html#kappa%20sigma"
"office of continuing education",1,"https://dcnb.github.io//bsu-demo/browse.html#office%20of%20continuing%20education"
"cycling",1,"https://dcnb.github.io//bsu-demo/browse.html#cycling"
"food vendors",1,"https://dcnb.github.io//bsu-demo/browse.html#food%20vendors"
"vending machines",1,"https://dcnb.github.io//bsu-demo/browse.html#vending%20machines"
"ecology",1,"https://dcnb.github.io//bsu-demo/browse.html#ecology"
"black student union",1,"https://dcnb.github.io//bsu-demo/browse.html#black%20student%20union"
"reel 2real film series",1,"https://dcnb.github.io//bsu-demo/browse.html#reel%202real%20film%20series"
"student programs boards films",1,"https://dcnb.github.io//bsu-demo/browse.html#student%20programs%20boards%20films"
"irons (pressing)",1,"https://dcnb.github.io//bsu-demo/browse.html#irons%20(pressing)"
"multiple organizations",1,"https://dcnb.github.io//bsu-demo/browse.html#multiple%20organizations"
"guitar society",1,"https://dcnb.github.io//bsu-demo/browse.html#guitar%20society"
"intramural department",1,"https://dcnb.github.io//bsu-demo/browse.html#intramural%20department"
"gannett foundation",1,"https://dcnb.github.io//bsu-demo/browse.html#gannett%20foundation"
"four star film series",1,"https://dcnb.github.io//bsu-demo/browse.html#four%20star%20film%20series"
"the university/community arts association,inc.",1,"https://dcnb.github.io//bsu-demo/browse.html#the%20university/community%20arts%20association,inc."
"student programs board comedy committee",1,"https://dcnb.github.io//bsu-demo/browse.html#student%20programs%20board%20comedy%20committee"
"student programs board special events",1,"https://dcnb.github.io//bsu-demo/browse.html#student%20programs%20board%20special%20events"
"phi alpha theta",1,"https://dcnb.github.io//bsu-demo/browse.html#phi%20alpha%20theta"
"student programs board comedy committee presents",1,"https://dcnb.github.io//bsu-demo/browse.html#student%20programs%20board%20comedy%20committee%20presents"
"student union & activities",1,"https://dcnb.github.io//bsu-demo/browse.html#student%20union%20&%20activities"
"intramural",1,"https://dcnb.github.io//bsu-demo/browse.html#intramural"
"student programs board lectures",1,"https://dcnb.github.io//bsu-demo/browse.html#student%20programs%20board%20lectures"
"boise state university student productions",1,"https://dcnb.github.io//bsu-demo/browse.html#boise%20state%20university%20student%20productions"
"student programs board film committee",1,"https://dcnb.github.io//bsu-demo/browse.html#student%20programs%20board%20film%20committee"
"java nite music",1,"https://dcnb.github.io//bsu-demo/browse.html#java%20nite%20music"
"boise state university student programs board",1,"https://dcnb.github.io//bsu-demo/browse.html#boise%20state%20university%20student%20programs%20board"
"metroplex sound & productions",1,"https://dcnb.github.io//bsu-demo/browse.html#metroplex%20sound%20&%20productions"
"laundry",1,"https://dcnb.github.io//bsu-demo/browse.html#laundry"
"campus crusade for christ international",1,"https://dcnb.github.io//bsu-demo/browse.html#campus%20crusade%20for%20christ%20international"
"capuccino concert series",1,"https://dcnb.github.io//bsu-demo/browse.html#capuccino%20concert%20series"
"residence hall association",1,"https://dcnb.github.io//bsu-demo/browse.html#residence%20hall%20association"
"department of communication",1,"https://dcnb.github.io//bsu-demo/browse.html#department%20of%20communication"
"kfxd 58",1,"https://dcnb.github.io//bsu-demo/browse.html#kfxd%2058"
"athletes for christ",1,"https://dcnb.github.io//bsu-demo/browse.html#athletes%20for%20christ"
"bsu student programs board",1,"https://dcnb.github.io//bsu-demo/browse.html#bsu%20student%20programs%20board"
"recycling",1,"https://dcnb.github.io//bsu-demo/browse.html#recycling"
"bsu photo club",1,"https://dcnb.github.io//bsu-demo/browse.html#bsu%20photo%20club"
"student boards program",1,"https://dcnb.github.io//bsu-demo/browse.html#student%20boards%20program"
"odyssey",1,"https://dcnb.github.io//bsu-demo/browse.html#odyssey"
"zoology",1,"https://dcnb.github.io//bsu-demo/browse.html#zoology"
"special olympics",1,"https://dcnb.github.io//bsu-demo/browse.html#special%20olympics"
"special olympics world winter games idaho usa",1,"https://dcnb.github.io//bsu-demo/browse.html#special%20olympics%20world%20winter%20games%20idaho%20usa"
"capitol photography",1,"https://dcnb.github.io//bsu-demo/browse.html#capitol%20photography"
"gaye hooper",1,"https://dcnb.github.io//bsu-demo/browse.html#gaye%20hooper"
"multiple creators.",1,"https://dcnb.github.io//bsu-demo/browse.html#multiple%20creators."
"human rights celebrations",1,"https://dcnb.github.io//bsu-demo/browse.html#human%20rights%20celebrations"
"telephone booths",1,"https://dcnb.github.io//bsu-demo/browse.html#telephone%20booths"
"special programs board",1,"https://dcnb.github.io//bsu-demo/browse.html#special%20programs%20board"
"watermelons",1,"https://dcnb.github.io//bsu-demo/browse.html#watermelons"
"target subaru",1,"https://dcnb.github.io//bsu-demo/browse.html#target%20subaru"
"canikissyou.org",1,"https://dcnb.github.io//bsu-demo/browse.html#canikissyou.org"
"unkown",1,"https://dcnb.github.io//bsu-demo/browse.html#unkown"
"academic advising",1,"https://dcnb.github.io//bsu-demo/browse.html#academic%20advising"
"naspa",1,"https://dcnb.github.io//bsu-demo/browse.html#naspa"
"playing cards",1,"https://dcnb.github.io//bsu-demo/browse.html#playing%20cards"
"lakes & ponds",1,"https://dcnb.github.io//bsu-demo/browse.html#lakes%20&%20ponds"
"student media",1,"https://dcnb.github.io//bsu-demo/browse.html#student%20media"
"destination distinction letter opener, silver.",1,"https://dcnb.github.io//bsu-demo/browse.html#destination%20distinction%20letter%20opener,%20silver."
"prisoners",1,"https://dcnb.github.io//bsu-demo/browse.html#prisoners"
"national cheerleaders assocaition",1,"https://dcnb.github.io//bsu-demo/browse.html#national%20cheerleaders%20assocaition"
"alpha chi omega",1,"https://dcnb.github.io//bsu-demo/browse.html#alpha%20chi%20omega"
"boise chamber of commerce",1,"https://dcnb.github.io//bsu-demo/browse.html#boise%20chamber%20of%20commerce"
"saitsa",1,"https://dcnb.github.io//bsu-demo/browse.html#saitsa"
"northern michigan university.",1,"https://dcnb.github.io//bsu-demo/browse.html#northern%20michigan%20university."
"ice cream cones",1,"https://dcnb.github.io//bsu-demo/browse.html#ice%20cream%20cones"
"big sky conference",1,"https://dcnb.github.io//bsu-demo/browse.html#big%20sky%20conference"
"mpc computers bowl",1,"https://dcnb.github.io//bsu-demo/browse.html#mpc%20computers%20bowl"
"retired senior volunteer program",1,"https://dcnb.github.io//bsu-demo/browse.html#retired%20senior%20volunteer%20program"
"hospice volunteers",1,"https://dcnb.github.io//bsu-demo/browse.html#hospice%20volunteers"
"us army volunteers corps",1,"https://dcnb.github.io//bsu-demo/browse.html#us%20army%20volunteers%20corps"
"big sky athletic conference",1,"https://dcnb.github.io//bsu-demo/browse.html#big%20sky%20athletic%20conference"
"masks",1,"https://dcnb.github.io//bsu-demo/browse.html#masks"
"water",1,"https://dcnb.github.io//bsu-demo/browse.html#water"
"board games",1,"https://dcnb.github.io//bsu-demo/browse.html#board%20games"
"university health services",1,"https://dcnb.github.io//bsu-demo/browse.html#university%20health%20services"
"milling machines",1,"https://dcnb.github.io//bsu-demo/browse.html#milling%20machines"
"national collegiate athletic association",1,"https://dcnb.github.io//bsu-demo/browse.html#national%20collegiate%20athletic%20association"
"valkyries",1,"https://dcnb.github.io//bsu-demo/browse.html#valkyries"
"luaus",1,"https://dcnb.github.io//bsu-demo/browse.html#luaus"
"sporting goods",1,"https://dcnb.github.io//bsu-demo/browse.html#sporting%20goods"
"mountains",1,"https://dcnb.github.io//bsu-demo/browse.html#mountains"
"delta beta nu (student organization)",1,"https://dcnb.github.io//bsu-demo/browse.html#delta%20beta%20nu%20(student%20organization)"
"international career development conference",1,"https://dcnb.github.io//bsu-demo/browse.html#international%20career%20development%20conference"
